dln.o	.	dln.o	arm-vita-eabi-gcc   -D_FORTIFY_SOURCE=2 -fstack-protector-strong -fno-strict-overflow -fvisibility=hidden -fexcess-precision=standard -DRUBY_EXPORT -I. -I.ext/include/arm-eabi -I../ruby-3.1.6/include -I../ruby-3.1.6 -I../ruby-3.1.6/enc/unicode/13.0.0     -o dln.o -c ../ruby-3.1.6/dln.c
localeinit.o	.	localeinit.o	arm-vita-eabi-gcc   -D_FORTIFY_SOURCE=2 -fstack-protector-strong -fno-strict-overflow -fvisibility=hidden -fexcess-precision=standard -DRUBY_EXPORT -I. -I.ext/include/arm-eabi -I../ruby-3.1.6/include -I../ruby-3.1.6 -I../ruby-3.1.6/enc/unicode/13.0.0     -o localeinit.o -c ../ruby-3.1.6/localeinit.c
loadpath.o	.	loadpath.o	arm-vita-eabi-gcc   -D_FORTIFY_SOURCE=2 -fstack-protector-strong -fno-strict-overflow -fvisibility=hidden -fexcess-precision=standard -DRUBY_EXPORT -I. -I.ext/include/arm-eabi -I../ruby-3.1.6/include -I../ruby-3.1.6 -I../ruby-3.1.6/enc/unicode/13.0.0     -o loadpath.o -c ../ruby-3.1.6/loadpath.c
array.o	.	array.o	arm-vita-eabi-gcc   -D_FORTIFY_SOURCE=2 -fstack-protector-strong -fno-strict-overflow -fvisibility=hidden -fexcess-precision=standard -DRUBY_EXPORT -I. -I.ext/include/arm-eabi -I../ruby-3.1.6/include -I../ruby-3.1.6 -I../ruby-3.1.6/enc/unicode/13.0.0     -o array.o -c ../ruby-3.1.6/array.c
ast.o	.	ast.o	arm-vita-eabi-gcc   -D_FORTIFY_SOURCE=2 -fstack-protector-strong -fno-strict-overflow -fvisibility=hidden -fexcess-precision=standard -DRUBY_EXPORT -I. -I.ext/include/arm-eabi -I../ruby-3.1.6/include -I../ruby-3.1.6 -I../ruby-3.1.6/enc/unicode/13.0.0     -o ast.o -c ../ruby-3.1.6/ast.c
bignum.o	.	bignum.o	arm-vita-eabi-gcc   -D_FORTIFY_SOURCE=2 -fstack-protector-strong -fno-strict-overflow -fvisibility=hidden -fexcess-precision=standard -DRUBY_EXPORT -I. -I.ext/include/arm-eabi -I../ruby-3.1.6/include -I../ruby-3.1.6 -I../ruby-3.1.6/enc/unicode/13.0.0     -o bignum.o -c ../ruby-3.1.6/bignum.c
class.o	.	class.o	arm-vita-eabi-gcc   -D_FORTIFY_SOURCE=2 -fstack-protector-strong -fno-strict-overflow -fvisibility=hidden -fexcess-precision=standard -DRUBY_EXPORT -I. -I.ext/include/arm-eabi -I../ruby-3.1.6/include -I../ruby-3.1.6 -I../ruby-3.1.6/enc/unicode/13.0.0     -o class.o -c ../ruby-3.1.6/class.c
compar.o	.	compar.o	arm-vita-eabi-gcc   -D_FORTIFY_SOURCE=2 -fstack-protector-strong -fno-strict-overflow -fvisibility=hidden -fexcess-precision=standard -DRUBY_EXPORT -I. -I.ext/include/arm-eabi -I../ruby-3.1.6/include -I../ruby-3.1.6 -I../ruby-3.1.6/enc/unicode/13.0.0     -o compar.o -c ../ruby-3.1.6/compar.c
compile.o	.	compile.o	arm-vita-eabi-gcc   -D_FORTIFY_SOURCE=2 -fstack-protector-strong -fno-strict-overflow -fvisibility=hidden -fexcess-precision=standard -DRUBY_EXPORT -I. -I.ext/include/arm-eabi -I../ruby-3.1.6/include -I../ruby-3.1.6 -I../ruby-3.1.6/enc/unicode/13.0.0     -o compile.o -c ../ruby-3.1.6/compile.c
complex.o	.	complex.o	arm-vita-eabi-gcc   -D_FORTIFY_SOURCE=2 -fstack-protector-strong -fno-strict-overflow -fvisibility=hidden -fexcess-precision=standard -DRUBY_EXPORT -I. -I.ext/include/arm-eabi -I../ruby-3.1.6/include -I../ruby-3.1.6 -I../ruby-3.1.6/enc/unicode/13.0.0     -o complex.o -c ../ruby-3.1.6/complex.c
debug.o	.	debug.o	arm-vita-eabi-gcc   -D_FORTIFY_SOURCE=2 -fstack-protector-strong -fno-strict-overflow -fvisibility=hidden -fexcess-precision=standard -DRUBY_EXPORT -I. -I.ext/include/arm-eabi -I../ruby-3.1.6/include -I../ruby-3.1.6 -I../ruby-3.1.6/enc/unicode/13.0.0     -o debug.o -c ../ruby-3.1.6/debug.c
debug_counter.o	.	debug_counter.o	arm-vita-eabi-gcc   -D_FORTIFY_SOURCE=2 -fstack-protector-strong -fno-strict-overflow -fvisibility=hidden -fexcess-precision=standard -DRUBY_EXPORT -I. -I.ext/include/arm-eabi -I../ruby-3.1.6/include -I../ruby-3.1.6 -I../ruby-3.1.6/enc/unicode/13.0.0     -o debug_counter.o -c ../ruby-3.1.6/debug_counter.c
dir.o	.	dir.o	arm-vita-eabi-gcc   -D_FORTIFY_SOURCE=2 -fstack-protector-strong -fno-strict-overflow -fvisibility=hidden -fexcess-precision=standard -DRUBY_EXPORT -I. -I.ext/include/arm-eabi -I../ruby-3.1.6/include -I../ruby-3.1.6 -I../ruby-3.1.6/enc/unicode/13.0.0     -o dir.o -c ../ruby-3.1.6/dir.c
dln_find.o	.	dln_find.o	arm-vita-eabi-gcc   -D_FORTIFY_SOURCE=2 -fstack-protector-strong -fno-strict-overflow -fvisibility=hidden -fexcess-precision=standard -DRUBY_EXPORT -I. -I.ext/include/arm-eabi -I../ruby-3.1.6/include -I../ruby-3.1.6 -I../ruby-3.1.6/enc/unicode/13.0.0     -o dln_find.o -c ../ruby-3.1.6/dln_find.c
encoding.o	.	encoding.o	arm-vita-eabi-gcc   -D_FORTIFY_SOURCE=2 -fstack-protector-strong -fno-strict-overflow -fvisibility=hidden -fexcess-precision=standard -DRUBY_EXPORT -I. -I.ext/include/arm-eabi -I../ruby-3.1.6/include -I../ruby-3.1.6 -I../ruby-3.1.6/enc/unicode/13.0.0     -o encoding.o -c ../ruby-3.1.6/encoding.c
enum.o	.	enum.o	arm-vita-eabi-gcc   -D_FORTIFY_SOURCE=2 -fstack-protector-strong -fno-strict-overflow -fvisibility=hidden -fexcess-precision=standard -DRUBY_EXPORT -I. -I.ext/include/arm-eabi -I../ruby-3.1.6/include -I../ruby-3.1.6 -I../ruby-3.1.6/enc/unicode/13.0.0     -o enum.o -c ../ruby-3.1.6/enum.c
enumerator.o	.	enumerator.o	arm-vita-eabi-gcc   -D_FORTIFY_SOURCE=2 -fstack-protector-strong -fno-strict-overflow -fvisibility=hidden -fexcess-precision=standard -DRUBY_EXPORT -I. -I.ext/include/arm-eabi -I../ruby-3.1.6/include -I../ruby-3.1.6 -I../ruby-3.1.6/enc/unicode/13.0.0     -o enumerator.o -c ../ruby-3.1.6/enumerator.c
error.o	.	error.o	arm-vita-eabi-gcc   -D_FORTIFY_SOURCE=2 -fstack-protector-strong -fno-strict-overflow -fvisibility=hidden -fexcess-precision=standard -DRUBY_EXPORT -I. -I.ext/include/arm-eabi -I../ruby-3.1.6/include -I../ruby-3.1.6 -I../ruby-3.1.6/enc/unicode/13.0.0     -o error.o -c ../ruby-3.1.6/error.c
eval.o	.	eval.o	arm-vita-eabi-gcc   -D_FORTIFY_SOURCE=2 -fstack-protector-strong -fno-strict-overflow -fvisibility=hidden -fexcess-precision=standard -DRUBY_EXPORT -I. -I.ext/include/arm-eabi -I../ruby-3.1.6/include -I../ruby-3.1.6 -I../ruby-3.1.6/enc/unicode/13.0.0     -o eval.o -c ../ruby-3.1.6/eval.c
file.o	.	file.o	arm-vita-eabi-gcc   -D_FORTIFY_SOURCE=2 -fstack-protector-strong -fno-strict-overflow -fvisibility=hidden -fexcess-precision=standard -DRUBY_EXPORT -I. -I.ext/include/arm-eabi -I../ruby-3.1.6/include -I../ruby-3.1.6 -I../ruby-3.1.6/enc/unicode/13.0.0     -o file.o -c ../ruby-3.1.6/file.c
gc.o	.	gc.o	arm-vita-eabi-gcc   -D_FORTIFY_SOURCE=2 -fstack-protector-strong -fno-strict-overflow -fvisibility=hidden -fexcess-precision=standard -DRUBY_EXPORT -I. -I.ext/include/arm-eabi -I../ruby-3.1.6/include -I../ruby-3.1.6 -I../ruby-3.1.6/enc/unicode/13.0.0     -o gc.o -c ../ruby-3.1.6/gc.c
hash.o	.	hash.o	arm-vita-eabi-gcc   -D_FORTIFY_SOURCE=2 -fstack-protector-strong -fno-strict-overflow -fvisibility=hidden -fexcess-precision=standard -DRUBY_EXPORT -I. -I.ext/include/arm-eabi -I../ruby-3.1.6/include -I../ruby-3.1.6 -I../ruby-3.1.6/enc/unicode/13.0.0     -o hash.o -c ../ruby-3.1.6/hash.c
inits.o	.	inits.o	arm-vita-eabi-gcc   -D_FORTIFY_SOURCE=2 -fstack-protector-strong -fno-strict-overflow -fvisibility=hidden -fexcess-precision=standard -DRUBY_EXPORT -I. -I.ext/include/arm-eabi -I../ruby-3.1.6/include -I../ruby-3.1.6 -I../ruby-3.1.6/enc/unicode/13.0.0     -o inits.o -c ../ruby-3.1.6/inits.c
io.o	.	io.o	arm-vita-eabi-gcc   -D_FORTIFY_SOURCE=2 -fstack-protector-strong -fno-strict-overflow -fvisibility=hidden -fexcess-precision=standard -DRUBY_EXPORT -I. -I.ext/include/arm-eabi -I../ruby-3.1.6/include -I../ruby-3.1.6 -I../ruby-3.1.6/enc/unicode/13.0.0     -o io.o -c ../ruby-3.1.6/io.c
io_buffer.o	.	io_buffer.o	arm-vita-eabi-gcc   -D_FORTIFY_SOURCE=2 -fstack-protector-strong -fno-strict-overflow -fvisibility=hidden -fexcess-precision=standard -DRUBY_EXPORT -I. -I.ext/include/arm-eabi -I../ruby-3.1.6/include -I../ruby-3.1.6 -I../ruby-3.1.6/enc/unicode/13.0.0     -o io_buffer.o -c ../ruby-3.1.6/io_buffer.c
iseq.o	.	iseq.o	arm-vita-eabi-gcc   -D_FORTIFY_SOURCE=2 -fstack-protector-strong -fno-strict-overflow -fvisibility=hidden -fexcess-precision=standard -DRUBY_EXPORT -I. -I.ext/include/arm-eabi -I../ruby-3.1.6/include -I../ruby-3.1.6 -I../ruby-3.1.6/enc/unicode/13.0.0     -o iseq.o -c ../ruby-3.1.6/iseq.c
load.o	.	load.o	arm-vita-eabi-gcc   -D_FORTIFY_SOURCE=2 -fstack-protector-strong -fno-strict-overflow -fvisibility=hidden -fexcess-precision=standard -DRUBY_EXPORT -I. -I.ext/include/arm-eabi -I../ruby-3.1.6/include -I../ruby-3.1.6 -I../ruby-3.1.6/enc/unicode/13.0.0     -o load.o -c ../ruby-3.1.6/load.c
marshal.o	.	marshal.o	arm-vita-eabi-gcc   -D_FORTIFY_SOURCE=2 -fstack-protector-strong -fno-strict-overflow -fvisibility=hidden -fexcess-precision=standard -DRUBY_EXPORT -I. -I.ext/include/arm-eabi -I../ruby-3.1.6/include -I../ruby-3.1.6 -I../ruby-3.1.6/enc/unicode/13.0.0     -o marshal.o -c ../ruby-3.1.6/marshal.c
math.o	.	math.o	arm-vita-eabi-gcc   -D_FORTIFY_SOURCE=2 -fstack-protector-strong -fno-strict-overflow -fvisibility=hidden -fexcess-precision=standard -DRUBY_EXPORT -I. -I.ext/include/arm-eabi -I../ruby-3.1.6/include -I../ruby-3.1.6 -I../ruby-3.1.6/enc/unicode/13.0.0     -o math.o -c ../ruby-3.1.6/math.c
memory_view.o	.	memory_view.o	arm-vita-eabi-gcc   -D_FORTIFY_SOURCE=2 -fstack-protector-strong -fno-strict-overflow -fvisibility=hidden -fexcess-precision=standard -DRUBY_EXPORT -I. -I.ext/include/arm-eabi -I../ruby-3.1.6/include -I../ruby-3.1.6 -I../ruby-3.1.6/enc/unicode/13.0.0     -o memory_view.o -c ../ruby-3.1.6/memory_view.c
mjit.o	.	mjit.o	arm-vita-eabi-gcc   -D_FORTIFY_SOURCE=2 -fstack-protector-strong -fno-strict-overflow -fvisibility=hidden -fexcess-precision=standard -DRUBY_EXPORT -I. -I.ext/include/arm-eabi -I../ruby-3.1.6/include -I../ruby-3.1.6 -I../ruby-3.1.6/enc/unicode/13.0.0     -o mjit.o -c ../ruby-3.1.6/mjit.c
mjit_compile.o	.	mjit_compile.o	arm-vita-eabi-gcc   -D_FORTIFY_SOURCE=2 -fstack-protector-strong -fno-strict-overflow -fvisibility=hidden -fexcess-precision=standard -DRUBY_EXPORT -I. -I.ext/include/arm-eabi -I../ruby-3.1.6/include -I../ruby-3.1.6 -I../ruby-3.1.6/enc/unicode/13.0.0     -o mjit_compile.o -c ../ruby-3.1.6/mjit_compile.c
node.o	.	node.o	arm-vita-eabi-gcc   -D_FORTIFY_SOURCE=2 -fstack-protector-strong -fno-strict-overflow -fvisibility=hidden -fexcess-precision=standard -DRUBY_EXPORT -I. -I.ext/include/arm-eabi -I../ruby-3.1.6/include -I../ruby-3.1.6 -I../ruby-3.1.6/enc/unicode/13.0.0     -o node.o -c ../ruby-3.1.6/node.c
numeric.o	.	numeric.o	arm-vita-eabi-gcc   -D_FORTIFY_SOURCE=2 -fstack-protector-strong -fno-strict-overflow -fvisibility=hidden -fexcess-precision=standard -DRUBY_EXPORT -I. -I.ext/include/arm-eabi -I../ruby-3.1.6/include -I../ruby-3.1.6 -I../ruby-3.1.6/enc/unicode/13.0.0     -o numeric.o -c ../ruby-3.1.6/numeric.c
object.o	.	object.o	arm-vita-eabi-gcc   -D_FORTIFY_SOURCE=2 -fstack-protector-strong -fno-strict-overflow -fvisibility=hidden -fexcess-precision=standard -DRUBY_EXPORT -I. -I.ext/include/arm-eabi -I../ruby-3.1.6/include -I../ruby-3.1.6 -I../ruby-3.1.6/enc/unicode/13.0.0     -o object.o -c ../ruby-3.1.6/object.c
pack.o	.	pack.o	arm-vita-eabi-gcc   -D_FORTIFY_SOURCE=2 -fstack-protector-strong -fno-strict-overflow -fvisibility=hidden -fexcess-precision=standard -DRUBY_EXPORT -I. -I.ext/include/arm-eabi -I../ruby-3.1.6/include -I../ruby-3.1.6 -I../ruby-3.1.6/enc/unicode/13.0.0     -o pack.o -c ../ruby-3.1.6/pack.c
parse.o	.	parse.o	arm-vita-eabi-gcc   -D_FORTIFY_SOURCE=2 -fstack-protector-strong -fno-strict-overflow -fvisibility=hidden -fexcess-precision=standard -DRUBY_EXPORT -I. -I.ext/include/arm-eabi -I../ruby-3.1.6/include -I../ruby-3.1.6 -I../ruby-3.1.6/enc/unicode/13.0.0     -o parse.o -c ../ruby-3.1.6/parse.c
proc.o	.	proc.o	arm-vita-eabi-gcc   -D_FORTIFY_SOURCE=2 -fstack-protector-strong -fno-strict-overflow -fvisibility=hidden -fexcess-precision=standard -DRUBY_EXPORT -I. -I.ext/include/arm-eabi -I../ruby-3.1.6/include -I../ruby-3.1.6 -I../ruby-3.1.6/enc/unicode/13.0.0     -o proc.o -c ../ruby-3.1.6/proc.c
process.o	.	process.o	arm-vita-eabi-gcc   -D_FORTIFY_SOURCE=2 -fstack-protector-strong -fno-strict-overflow -fvisibility=hidden -fexcess-precision=standard -DRUBY_EXPORT -I. -I.ext/include/arm-eabi -I../ruby-3.1.6/include -I../ruby-3.1.6 -I../ruby-3.1.6/enc/unicode/13.0.0     -o process.o -c ../ruby-3.1.6/process.c
ractor.o	.	ractor.o	arm-vita-eabi-gcc   -D_FORTIFY_SOURCE=2 -fstack-protector-strong -fno-strict-overflow -fvisibility=hidden -fexcess-precision=standard -DRUBY_EXPORT -I. -I.ext/include/arm-eabi -I../ruby-3.1.6/include -I../ruby-3.1.6 -I../ruby-3.1.6/enc/unicode/13.0.0     -o ractor.o -c ../ruby-3.1.6/ractor.c
random.o	.	random.o	arm-vita-eabi-gcc   -D_FORTIFY_SOURCE=2 -fstack-protector-strong -fno-strict-overflow -fvisibility=hidden -fexcess-precision=standard -DRUBY_EXPORT -I. -I.ext/include/arm-eabi -I../ruby-3.1.6/include -I../ruby-3.1.6 -I../ruby-3.1.6/enc/unicode/13.0.0     -o random.o -c ../ruby-3.1.6/random.c
range.o	.	range.o	arm-vita-eabi-gcc   -D_FORTIFY_SOURCE=2 -fstack-protector-strong -fno-strict-overflow -fvisibility=hidden -fexcess-precision=standard -DRUBY_EXPORT -I. -I.ext/include/arm-eabi -I../ruby-3.1.6/include -I../ruby-3.1.6 -I../ruby-3.1.6/enc/unicode/13.0.0     -o range.o -c ../ruby-3.1.6/range.c
rational.o	.	rational.o	arm-vita-eabi-gcc   -D_FORTIFY_SOURCE=2 -fstack-protector-strong -fno-strict-overflow -fvisibility=hidden -fexcess-precision=standard -DRUBY_EXPORT -I. -I.ext/include/arm-eabi -I../ruby-3.1.6/include -I../ruby-3.1.6 -I../ruby-3.1.6/enc/unicode/13.0.0     -o rational.o -c ../ruby-3.1.6/rational.c
re.o	.	re.o	arm-vita-eabi-gcc   -D_FORTIFY_SOURCE=2 -fstack-protector-strong -fno-strict-overflow -fvisibility=hidden -fexcess-precision=standard -DRUBY_EXPORT -I. -I.ext/include/arm-eabi -I../ruby-3.1.6/include -I../ruby-3.1.6 -I../ruby-3.1.6/enc/unicode/13.0.0     -o re.o -c ../ruby-3.1.6/re.c
regcomp.o	.	regcomp.o	arm-vita-eabi-gcc   -D_FORTIFY_SOURCE=2 -fstack-protector-strong -fno-strict-overflow -fvisibility=hidden -fexcess-precision=standard -DRUBY_EXPORT -I. -I.ext/include/arm-eabi -I../ruby-3.1.6/include -I../ruby-3.1.6 -I../ruby-3.1.6/enc/unicode/13.0.0     -o regcomp.o -c ../ruby-3.1.6/regcomp.c
regenc.o	.	regenc.o	arm-vita-eabi-gcc   -D_FORTIFY_SOURCE=2 -fstack-protector-strong -fno-strict-overflow -fvisibility=hidden -fexcess-precision=standard -DRUBY_EXPORT -I. -I.ext/include/arm-eabi -I../ruby-3.1.6/include -I../ruby-3.1.6 -I../ruby-3.1.6/enc/unicode/13.0.0     -o regenc.o -c ../ruby-3.1.6/regenc.c
regerror.o	.	regerror.o	arm-vita-eabi-gcc   -D_FORTIFY_SOURCE=2 -fstack-protector-strong -fno-strict-overflow -fvisibility=hidden -fexcess-precision=standard -DRUBY_EXPORT -I. -I.ext/include/arm-eabi -I../ruby-3.1.6/include -I../ruby-3.1.6 -I../ruby-3.1.6/enc/unicode/13.0.0     -o regerror.o -c ../ruby-3.1.6/regerror.c
regexec.o	.	regexec.o	arm-vita-eabi-gcc   -D_FORTIFY_SOURCE=2 -fstack-protector-strong -fno-strict-overflow -fvisibility=hidden -fexcess-precision=standard -DRUBY_EXPORT -I. -I.ext/include/arm-eabi -I../ruby-3.1.6/include -I../ruby-3.1.6 -I../ruby-3.1.6/enc/unicode/13.0.0     -o regexec.o -c ../ruby-3.1.6/regexec.c
regparse.o	.	regparse.o	arm-vita-eabi-gcc   -D_FORTIFY_SOURCE=2 -fstack-protector-strong -fno-strict-overflow -fvisibility=hidden -fexcess-precision=standard -DRUBY_EXPORT -I. -I.ext/include/arm-eabi -I../ruby-3.1.6/include -I../ruby-3.1.6 -I../ruby-3.1.6/enc/unicode/13.0.0     -o regparse.o -c ../ruby-3.1.6/regparse.c
regsyntax.o	.	regsyntax.o	arm-vita-eabi-gcc   -D_FORTIFY_SOURCE=2 -fstack-protector-strong -fno-strict-overflow -fvisibility=hidden -fexcess-precision=standard -DRUBY_EXPORT -I. -I.ext/include/arm-eabi -I../ruby-3.1.6/include -I../ruby-3.1.6 -I../ruby-3.1.6/enc/unicode/13.0.0     -o regsyntax.o -c ../ruby-3.1.6/regsyntax.c
ruby.o	.	ruby.o	arm-vita-eabi-gcc   -D_FORTIFY_SOURCE=2 -fstack-protector-strong -fno-strict-overflow -fvisibility=hidden -fexcess-precision=standard -DRUBY_EXPORT -I. -I.ext/include/arm-eabi -I../ruby-3.1.6/include -I../ruby-3.1.6 -I../ruby-3.1.6/enc/unicode/13.0.0     -o ruby.o -c ../ruby-3.1.6/ruby.c
scheduler.o	.	scheduler.o	arm-vita-eabi-gcc   -D_FORTIFY_SOURCE=2 -fstack-protector-strong -fno-strict-overflow -fvisibility=hidden -fexcess-precision=standard -DRUBY_EXPORT -I. -I.ext/include/arm-eabi -I../ruby-3.1.6/include -I../ruby-3.1.6 -I../ruby-3.1.6/enc/unicode/13.0.0     -o scheduler.o -c ../ruby-3.1.6/scheduler.c
signal.o	.	signal.o	arm-vita-eabi-gcc   -D_FORTIFY_SOURCE=2 -fstack-protector-strong -fno-strict-overflow -fvisibility=hidden -fexcess-precision=standard -DRUBY_EXPORT -I. -I.ext/include/arm-eabi -I../ruby-3.1.6/include -I../ruby-3.1.6 -I../ruby-3.1.6/enc/unicode/13.0.0     -o signal.o -c ../ruby-3.1.6/signal.c
sprintf.o	.	sprintf.o	arm-vita-eabi-gcc   -D_FORTIFY_SOURCE=2 -fstack-protector-strong -fno-strict-overflow -fvisibility=hidden -fexcess-precision=standard -DRUBY_EXPORT -I. -I.ext/include/arm-eabi -I../ruby-3.1.6/include -I../ruby-3.1.6 -I../ruby-3.1.6/enc/unicode/13.0.0     -o sprintf.o -c ../ruby-3.1.6/sprintf.c
st.o	.	st.o	arm-vita-eabi-gcc   -D_FORTIFY_SOURCE=2 -fstack-protector-strong -fno-strict-overflow -fvisibility=hidden -fexcess-precision=standard -DRUBY_EXPORT -I. -I.ext/include/arm-eabi -I../ruby-3.1.6/include -I../ruby-3.1.6 -I../ruby-3.1.6/enc/unicode/13.0.0     -o st.o -c ../ruby-3.1.6/st.c
strftime.o	.	strftime.o	arm-vita-eabi-gcc   -D_FORTIFY_SOURCE=2 -fstack-protector-strong -fno-strict-overflow -fvisibility=hidden -fexcess-precision=standard -DRUBY_EXPORT -I. -I.ext/include/arm-eabi -I../ruby-3.1.6/include -I../ruby-3.1.6 -I../ruby-3.1.6/enc/unicode/13.0.0     -o strftime.o -c ../ruby-3.1.6/strftime.c
string.o	.	string.o	arm-vita-eabi-gcc   -D_FORTIFY_SOURCE=2 -fstack-protector-strong -fno-strict-overflow -fvisibility=hidden -fexcess-precision=standard -DRUBY_EXPORT -I. -I.ext/include/arm-eabi -I../ruby-3.1.6/include -I../ruby-3.1.6 -I../ruby-3.1.6/enc/unicode/13.0.0     -o string.o -c ../ruby-3.1.6/string.c
struct.o	.	struct.o	arm-vita-eabi-gcc   -D_FORTIFY_SOURCE=2 -fstack-protector-strong -fno-strict-overflow -fvisibility=hidden -fexcess-precision=standard -DRUBY_EXPORT -I. -I.ext/include/arm-eabi -I../ruby-3.1.6/include -I../ruby-3.1.6 -I../ruby-3.1.6/enc/unicode/13.0.0     -o struct.o -c ../ruby-3.1.6/struct.c
symbol.o	.	symbol.o	arm-vita-eabi-gcc   -D_FORTIFY_SOURCE=2 -fstack-protector-strong -fno-strict-overflow -fvisibility=hidden -fexcess-precision=standard -DRUBY_EXPORT -I. -I.ext/include/arm-eabi -I../ruby-3.1.6/include -I../ruby-3.1.6 -I../ruby-3.1.6/enc/unicode/13.0.0     -o symbol.o -c ../ruby-3.1.6/symbol.c
thread.o	.	thread.o	arm-vita-eabi-gcc   -D_FORTIFY_SOURCE=2 -fstack-protector-strong -fno-strict-overflow -fvisibility=hidden -fexcess-precision=standard -DRUBY_EXPORT -I. -I.ext/include/arm-eabi -I../ruby-3.1.6/include -I../ruby-3.1.6 -I../ruby-3.1.6/enc/unicode/13.0.0     -o thread.o -c ../ruby-3.1.6/thread.c
time.o	.	time.o	arm-vita-eabi-gcc   -D_FORTIFY_SOURCE=2 -fstack-protector-strong -fno-strict-overflow -fvisibility=hidden -fexcess-precision=standard -DRUBY_EXPORT -I. -I.ext/include/arm-eabi -I../ruby-3.1.6/include -I../ruby-3.1.6 -I../ruby-3.1.6/enc/unicode/13.0.0     -o time.o -c ../ruby-3.1.6/time.c
transcode.o	.	transcode.o	arm-vita-eabi-gcc   -D_FORTIFY_SOURCE=2 -fstack-protector-strong -fno-strict-overflow -fvisibility=hidden -fexcess-precision=standard -DRUBY_EXPORT -I. -I.ext/include/arm-eabi -I../ruby-3.1.6/include -I../ruby-3.1.6 -I../ruby-3.1.6/enc/unicode/13.0.0     -o transcode.o -c ../ruby-3.1.6/transcode.c
transient_heap.o	.	transient_heap.o	arm-vita-eabi-gcc   -D_FORTIFY_SOURCE=2 -fstack-protector-strong -fno-strict-overflow -fvisibility=hidden -fexcess-precision=standard -DRUBY_EXPORT -I. -I.ext/include/arm-eabi -I../ruby-3.1.6/include -I../ruby-3.1.6 -I../ruby-3.1.6/enc/unicode/13.0.0     -o transient_heap.o -c ../ruby-3.1.6/transient_heap.c
util.o	.	util.o	arm-vita-eabi-gcc   -D_FORTIFY_SOURCE=2 -fstack-protector-strong -fno-strict-overflow -fvisibility=hidden -fexcess-precision=standard -DRUBY_EXPORT -I. -I.ext/include/arm-eabi -I../ruby-3.1.6/include -I../ruby-3.1.6 -I../ruby-3.1.6/enc/unicode/13.0.0     -o util.o -c ../ruby-3.1.6/util.c
variable.o	.	variable.o	arm-vita-eabi-gcc   -D_FORTIFY_SOURCE=2 -fstack-protector-strong -fno-strict-overflow -fvisibility=hidden -fexcess-precision=standard -DRUBY_EXPORT -I. -I.ext/include/arm-eabi -I../ruby-3.1.6/include -I../ruby-3.1.6 -I../ruby-3.1.6/enc/unicode/13.0.0     -o variable.o -c ../ruby-3.1.6/variable.c
version.o	.	version.o	arm-vita-eabi-gcc   -D_FORTIFY_SOURCE=2 -fstack-protector-strong -fno-strict-overflow -fvisibility=hidden -fexcess-precision=standard -DRUBY_EXPORT -I. -I.ext/include/arm-eabi -I../ruby-3.1.6/include -I../ruby-3.1.6 -I../ruby-3.1.6/enc/unicode/13.0.0     -o version.o -c ../ruby-3.1.6/version.c
vm.o	.	vm.o	arm-vita-eabi-gcc   -D_FORTIFY_SOURCE=2 -fstack-protector-strong -fno-strict-overflow -fvisibility=hidden -fexcess-precision=standard -DRUBY_EXPORT -I. -I.ext/include/arm-eabi -I../ruby-3.1.6/include -I../ruby-3.1.6 -I../ruby-3.1.6/enc/unicode/13.0.0     -o vm.o -c ../ruby-3.1.6/vm.c
vm_backtrace.o	.	vm_backtrace.o	arm-vita-eabi-gcc   -D_FORTIFY_SOURCE=2 -fstack-protector-strong -fno-strict-overflow -fvisibility=hidden -fexcess-precision=standard -DRUBY_EXPORT -I. -I.ext/include/arm-eabi -I../ruby-3.1.6/include -I../ruby-3.1.6 -I../ruby-3.1.6/enc/unicode/13.0.0     -o vm_backtrace.o -c ../ruby-3.1.6/vm_backtrace.c
vm_dump.o	.	vm_dump.o	arm-vita-eabi-gcc   -D_FORTIFY_SOURCE=2 -fstack-protector-strong -fno-strict-overflow -fvisibility=hidden -fexcess-precision=standard -DRUBY_EXPORT -I. -I.ext/include/arm-eabi -I../ruby-3.1.6/include -I../ruby-3.1.6 -I../ruby-3.1.6/enc/unicode/13.0.0     -o vm_dump.o -c ../ruby-3.1.6/vm_dump.c
vm_sync.o	.	vm_sync.o	arm-vita-eabi-gcc   -D_FORTIFY_SOURCE=2 -fstack-protector-strong -fno-strict-overflow -fvisibility=hidden -fexcess-precision=standard -DRUBY_EXPORT -I. -I.ext/include/arm-eabi -I../ruby-3.1.6/include -I../ruby-3.1.6 -I../ruby-3.1.6/enc/unicode/13.0.0     -o vm_sync.o -c ../ruby-3.1.6/vm_sync.c
vm_trace.o	.	vm_trace.o	arm-vita-eabi-gcc   -D_FORTIFY_SOURCE=2 -fstack-protector-strong -fno-strict-overflow -fvisibility=hidden -fexcess-precision=standard -DRUBY_EXPORT -I. -I.ext/include/arm-eabi -I../ruby-3.1.6/include -I../ruby-3.1.6 -I../ruby-3.1.6/enc/unicode/13.0.0     -o vm_trace.o -c ../ruby-3.1.6/vm_trace.c
yjit.o	.	yjit.o	arm-vita-eabi-gcc   -D_FORTIFY_SOURCE=2 -fstack-protector-strong -fno-strict-overflow -fvisibility=hidden -fexcess-precision=standard -DRUBY_EXPORT -I. -I.ext/include/arm-eabi -I../ruby-3.1.6/include -I../ruby-3.1.6 -I../ruby-3.1.6/enc/unicode/13.0.0     -o yjit.o -c ../ruby-3.1.6/yjit.c
ascii.o	.	enc/ascii.o	arm-vita-eabi-gcc -fPIC     -DONIG_ENC_REGISTER=rb_enc_register  -c -o enc/ascii.o ../ruby-3.1.6/enc/ascii.c
us_ascii.o	.	enc/us_ascii.o	arm-vita-eabi-gcc -fPIC     -DONIG_ENC_REGISTER=rb_enc_register  -c -o enc/us_ascii.o ../ruby-3.1.6/enc/us_ascii.c
unicode.o	.	enc/unicode.o	arm-vita-eabi-gcc -fPIC     -DONIG_ENC_REGISTER=rb_enc_register  -c -o enc/unicode.o ../ruby-3.1.6/enc/unicode.c
utf_8.o	.	enc/utf_8.o	arm-vita-eabi-gcc -fPIC     -DONIG_ENC_REGISTER=rb_enc_register  -c -o enc/utf_8.o ../ruby-3.1.6/enc/utf_8.c
newline.o	.	enc/trans/newline.o	arm-vita-eabi-gcc -fPIC     -DONIG_ENC_REGISTER=rb_enc_register  -c -o enc/trans/newline.o ../ruby-3.1.6/enc/trans/newline.c
memcmp.o	.	memcmp.o	arm-vita-eabi-gcc   -D_FORTIFY_SOURCE=2 -fstack-protector-strong -fno-strict-overflow -fvisibility=hidden -fexcess-precision=standard -DRUBY_EXPORT -I. -I.ext/include/arm-eabi -I../ruby-3.1.6/include -I../ruby-3.1.6 -I../ruby-3.1.6/enc/unicode/13.0.0     -o memcmp.o -c ../ruby-3.1.6/missing/memcmp.c
crypt.o	.	crypt.o	arm-vita-eabi-gcc   -D_FORTIFY_SOURCE=2 -fstack-protector-strong -fno-strict-overflow -fvisibility=hidden -fexcess-precision=standard -DRUBY_EXPORT -I. -I.ext/include/arm-eabi -I../ruby-3.1.6/include -I../ruby-3.1.6 -I../ruby-3.1.6/enc/unicode/13.0.0     -o crypt.o -c ../ruby-3.1.6/missing/crypt.c
flock.o	.	flock.o	arm-vita-eabi-gcc   -D_FORTIFY_SOURCE=2 -fstack-protector-strong -fno-strict-overflow -fvisibility=hidden -fexcess-precision=standard -DRUBY_EXPORT -I. -I.ext/include/arm-eabi -I../ruby-3.1.6/include -I../ruby-3.1.6 -I../ruby-3.1.6/enc/unicode/13.0.0     -o flock.o -c ../ruby-3.1.6/missing/flock.c
setproctitle.o	.	setproctitle.o	arm-vita-eabi-gcc   -D_FORTIFY_SOURCE=2 -fstack-protector-strong -fno-strict-overflow -fvisibility=hidden -fexcess-precision=standard -DRUBY_EXPORT -I. -I.ext/include/arm-eabi -I../ruby-3.1.6/include -I../ruby-3.1.6 -I../ruby-3.1.6/enc/unicode/13.0.0     -o setproctitle.o -c ../ruby-3.1.6/missing/setproctitle.c
builtin.o	.	builtin.o	arm-vita-eabi-gcc   -D_FORTIFY_SOURCE=2 -fstack-protector-strong -fno-strict-overflow -fvisibility=hidden -fexcess-precision=standard -DRUBY_EXPORT -I. -I.ext/include/arm-eabi -I../ruby-3.1.6/include -I../ruby-3.1.6 -I../ruby-3.1.6/enc/unicode/13.0.0     -o builtin.o -c ../ruby-3.1.6/builtin.c
dmyext.o	.	dmyext.o	arm-vita-eabi-gcc   -D_FORTIFY_SOURCE=2 -fstack-protector-strong -fno-strict-overflow -fvisibility=hidden -fexcess-precision=standard -DRUBY_EXPORT -I. -I.ext/include/arm-eabi -I../ruby-3.1.6/include -I../ruby-3.1.6 -I../ruby-3.1.6/enc/unicode/13.0.0     -o dmyext.o -c ../ruby-3.1.6/dmyext.c
dmyenc.o	.	dmyenc.o	arm-vita-eabi-gcc   -D_FORTIFY_SOURCE=2 -fstack-protector-strong -fno-strict-overflow -fvisibility=hidden -fexcess-precision=standard -DRUBY_EXPORT -I. -I.ext/include/arm-eabi -I../ruby-3.1.6/include -I../ruby-3.1.6 -I../ruby-3.1.6/enc/unicode/13.0.0     -o dmyenc.o -c ../ruby-3.1.6/dmyenc.c
encdb.o	.	enc/encdb.o	arm-vita-eabi-gcc -I. -I.ext/include/arm-eabi -I../ruby-3.1.6/include -I../ruby-3.1.6   -DONIG_ENC_REGISTER=rb_enc_register -fPIC   -o enc/encdb.o -c ../ruby-3.1.6/enc/encdb.c
transdb.o	.	enc/trans/transdb.o	arm-vita-eabi-gcc -I. -I.ext/include/arm-eabi -I../ruby-3.1.6/include -I../ruby-3.1.6   -DONIG_ENC_REGISTER=rb_enc_register -fPIC   -o enc/trans/transdb.o -c ../ruby-3.1.6/enc/trans/transdb.c
single_byte.o	.	enc/trans/single_byte.o	arm-vita-eabi-gcc -I. -I.ext/include/arm-eabi -I../ruby-3.1.6/include -I../ruby-3.1.6   -DONIG_ENC_REGISTER=rb_enc_register -fPIC   -o enc/trans/single_byte.o -c ../ruby-3.1.6/enc/trans/single_byte.c
windows_1252.o	.	enc/windows_1252.o	arm-vita-eabi-gcc -I. -I.ext/include/arm-eabi -I../ruby-3.1.6/include -I../ruby-3.1.6   -DONIG_ENC_REGISTER=rb_enc_register -fPIC   -o enc/windows_1252.o -c ../ruby-3.1.6/enc/windows_1252.c
stringio.o	ext/stringio	stringio.o	arm-vita-eabi-gcc -I. -I../../.ext/include/arm-eabi -I../../../ruby-3.1.6/include -I../../../ruby-3.1.6/ext/stringio -DRUBY_EXTCONF_H=\"extconf.h\"    -fPIC   -o stringio.o -c ../../../ruby-3.1.6/ext/stringio/stringio.c
zlib.o	ext/zlib	zlib.o	arm-vita-eabi-gcc -I. -I../../.ext/include/arm-eabi -I../../../ruby-3.1.6/include -I../../../ruby-3.1.6/ext/zlib -DRUBY_EXTCONF_H=\"extconf.h\"    -fPIC   -o zlib.o -c ../../../ruby-3.1.6/ext/zlib/zlib.c
strscan.o	ext/strscan	strscan.o	arm-vita-eabi-gcc -I. -I../../.ext/include/arm-eabi -I../../../ruby-3.1.6/include -I../../../ruby-3.1.6/ext/strscan -I../../../ruby-3.1.6 -DRUBY_EXTCONF_H=\"extconf.h\"    -fPIC   -o strscan.o -c ../../../ruby-3.1.6/ext/strscan/strscan.c
pathname.o	ext/pathname	pathname.o	arm-vita-eabi-gcc -I. -I../../.ext/include/arm-eabi -I../../../ruby-3.1.6/include -I../../../ruby-3.1.6/ext/pathname -DRUBY_EXTCONF_H=\"extconf.h\"    -fPIC   -o pathname.o -c ../../../ruby-3.1.6/ext/pathname/pathname.c
